Unnamed: 0,出入口名稱,經度,緯度,站名,文湖線,淡水信義線,新北投支線,松山新店線,小碧潭支線,中和新蘆線,板南線,環狀線,通車日期
8,忠孝復興站出口1,121.543143,25.041797,忠孝復興,1,0,0,0,0,0,1,0,1996-03-28
9,忠孝復興站出口2,121.543517,25.041206,忠孝復興,1,0,0,0,0,0,1,0,1996-03-28
10,忠孝復興站出口3,121.544806,25.041467,忠孝復興,1,0,0,0,0,0,1,0,1996-03-28
11,忠孝復興站出口4,121.54506,25.041772,忠孝復興,1,0,0,0,0,0,1,0,1996-03-28
12,忠孝復興站出口5,121.543985,25.04202,忠孝復興,1,0,0,0,0,0,1,0,1996-03-28
7,中山國中站出口,121.5439794,25.06082643,中山國中,1,0,0,0,0,0,0,0,1996-03-28
13,大安站出口1,121.5420001,25.03360186,大安,1,1,0,0,0,0,0,0,1996-03-28
14,大安站出口2,121.5415899,25.03364917,大安,1,1,0,0,0,0,0,0,1996-03-28
15,大安站出口3,121.54233,25.033241,大安,1,1,0,0,0,0,0,0,1996-03-28
16,大安站出口4,121.5439764,25.0331244,大安,1,1,0,0,0,0,0,0,1996-03-28
17,大安站出口5,121.543719,25.032862,大安,1,1,0,0,0,0,0,0,1996-03-28
18,大安站出口6,121.543749,25.034006,大安,1,1,0,0,0,0,0,0,1996-03-28
19,科技大樓站出口,121.543636,25.026154,科技大樓,1,0,0,0,0,0,0,0,1996-03-28
20,六張犁站出口,121.552737,25.023852,六張犁,1,0,0,0,0,0,0,0,1996-03-28
21,麟光站出口,121.558606,25.018554,麟光,1,0,0,0,0,0,0,0,1996-03-28
22,辛亥站出口,121.557021,25.005119,辛亥,1,0,0,0,0,0,0,0,1996-03-28
23,萬芳醫院站出口,121.557737,24.999383,萬芳醫院,1,0,0,0,0,0,0,0,1996-03-28
24,萬芳社區站出口,121.5684087,24.99858101,萬芳社區,1,0,0,0,0,0,0,0,1996-03-28
25,木柵站出口,121.573417,24.998174,木柵,1,0,0,0,0,0,0,0,1996-03-28
26,動物園站出口1,121.579942,24.9982988,動物園,1,0,0,0,0,0,0,0,1996-03-28
27,動物園站出口2,121.579321,24.997971,動物園,1,0,0,0,0,0,0,0,1996-03-28
328,南京復興站出口1,121.542121,25.052625,南京復興,1,0,0,1,0,0,0,0,1996-03-28
329,南京復興站出口2,121.541863,25.051748,南京復興,1,0,0,1,0,0,0,0,1996-03-28
330,南京復興站出口3,121.543087,25.05178085,南京復興,1,0,0,1,0,0,0,0,1996-03-28
331,南京復興站出口4,121.5431633,25.0517841,南京復興,1,0,0,1,0,0,0,0,1996-03-28
332,南京復興站出口5,121.544338,25.051727,南京復興,1,0,0,1,0,0,0,0,1996-03-28
333,南京復興站出口6,121.5449255,25.05195456,南京復興,1,0,0,1,0,0,0,0,1996-03-28
334,南京復興站出口8,121.543819,25.052018,南京復興,1,0,0,1,0,0,0,0,1996-03-28
335,南京復興站出口7,121.5445925,25.0524873,南京復興,1,0,0,1,0,0,0,0,1996-03-28
127,雙連站出口1,121.520588,25.057499,雙連,0,1,0,0,0,0,0,0,1997-03-28
128,雙連站出口2,121.520615,25.057825,雙連,0,1,0,0,0,0,0,0,1997-03-28
129,民權西路站出口1,121.519454,25.062641,民權西路,0,1,0,0,0,1,0,0,1997-03-28
130,民權西路站出口4,121.519867,25.061936,民權西路,0,1,0,0,0,1,0,0,1997-03-28
131,民權西路站出口3,121.51983,25.061704,民權西路,0,1,0,0,0,1,0,0,1997-03-28
132,民權西路站出口2,121.51963,25.061846,民權西路,0,1,0,0,0,1,0,0,1997-03-28
133,民權西路站出口5,121.5187721,25.06324045,民權西路,0,1,0,0,0,1,0,0,1997-03-28
134,民權西路站出口6,121.5188804,25.06273597,民權西路,0,1,0,0,0,1,0,0,1997-03-28
135,民權西路站出口7,121.520172,25.062699,民權西路,0,1,0,0,0,1,0,0,1997-03-28
136,民權西路站出口8,121.520563,25.062686,民權西路,0,1,0,0,0,1,0,0,1997-03-28
137,民權西路站出口9,121.520591,25.062952,民權西路,0,1,0,0,0,1,0,0,1997-03-28
138,民權西路站出口10,121.520129,25.062967,民權西路,0,1,0,0,0,1,0,0,1997-03-28
139,圓山站出口1,121.520033,25.070785,圓山,0,1,0,0,0,0,0,0,1997-03-28
140,圓山站出口2,121.520108,25.071776,圓山,0,1,0,0,0,0,0,0,1997-03-28
141,劍潭站出口1,121.525175,25.08503,劍潭,0,1,0,0,0,0,0,0,1997-03-28
142,劍潭站出口2,121.524751,25.083273,劍潭,0,1,0,0,0,0,0,0,1997-03-28
143,劍潭站出口3,121.52496,25.084284,劍潭,0,1,0,0,0,0,0,0,1997-03-28
144,士林站出口1,121.525966,25.094106,士林,0,1,0,0,0,0,0,0,1997-03-28
145,士林站出口2,121.52644,25.09286,士林,0,1,0,0,0,0,0,0,1997-03-28
146,芝山站出口1,121.522636,25.102046,芝山,0,1,0,0,0,0,0,0,1997-03-28
147,芝山站出口2,121.522335,25.10384024,芝山,0,1,0,0,0,0,0,0,1997-03-28
148,明德站出口1,121.519153,25.109298,明德,0,1,0,0,0,0,0,0,1997-03-28
149,明德站出口2,121.518728,25.110008,明德,0,1,0,0,0,0,0,0,1997-03-28
150,明德站出口3,121.518538,25.109964,明德,0,1,0,0,0,0,0,0,1997-03-28
151,石牌站出口1,121.5152545,25.1149633,石牌,0,1,0,0,0,0,0,0,1997-03-28
152,石牌站出口2,121.51625,25.11352,石牌,0,1,0,0,0,0,0,0,1997-03-28
153,唭哩岸站出口1,121.5069183,25.12070935,唭哩岸,0,1,0,0,0,0,0,0,1997-03-28
154,唭哩岸站出口2,121.50589,25.120854,唭哩岸,0,1,0,0,0,0,0,0,1997-03-28
155,奇岩站出口1,121.5009856,25.12611852,奇岩,0,1,0,0,0,0,0,0,1997-03-28
156,奇岩站出口2,121.5010854,25.1250223,奇岩,0,1,0,0,0,0,0,0,1997-03-28
157,奇岩站出口3,121.5012611,25.1251407,奇岩,0,1,0,0,0,0,0,0,1997-03-28
158,北投站出口1,121.4981189,25.1323269,北投,0,1,0,0,0,0,0,0,1997-03-28
159,北投站出口2,121.499194,25.131025,北投,0,1,0,0,0,0,0,0,1997-03-28
160,新北投站出口1,121.503524,25.136968,新北投,0,0,1,0,0,0,0,0,1997-03-28
161,新北投站出口2,121.502455,25.136834,新北投,0,0,1,0,0,0,0,0,1997-03-28
162,復興崗站出口1,121.4854068,25.137665,復興崗,0,1,0,0,0,0,0,0,1997-03-28
163,復興崗站出口2,121.485126,25.137329,復興崗,0,1,0,0,0,0,0,0,1997-03-28
164,忠義站出口1,121.473169,25.131056,忠義,0,1,0,0,0,0,0,0,1997-03-28
165,忠義站出口2,121.4736461,25.1309851,忠義,0,1,0,0,0,0,0,0,1997-03-28
166,關渡站出口1,121.467215,25.125431,關渡,0,1,0,0,0,0,0,0,1997-03-28
167,關渡站出口2,121.466861,25.12547,關渡,0,1,0,0,0,0,0,0,1997-03-28
168,竹圍站出口1,121.459713,25.136949,竹圍,0,1,0,0,0,0,0,0,1997-03-28
169,竹圍站出口2,121.459383,25.136854,竹圍,0,1,0,0,0,0,0,0,1997-03-28
170,紅樹林站出口1,121.4590331,25.15449713,紅樹林,0,1,0,0,0,0,0,0,1997-03-28
171,紅樹林站出口2,121.458733,25.154597,紅樹林,0,1,0,0,0,0,0,0,1997-03-28
172,淡水站出口1,121.445502,25.168266,淡水,0,1,0,0,0,0,0,0,1997-03-28
173,淡水站出口2,121.4457904,25.16776197,淡水,0,1,0,0,0,0,0,0,1997-03-28
174,淡水站出口3,121.445573,25.167601,淡水,0,1,0,0,0,0,0,0,1997-03-28
336,中山站出口1,121.520303,25.052414,中山,0,1,0,1,0,0,0,0,1997-03-28
337,中山站出口4,121.520306,25.052858,中山,0,1,0,1,0,0,0,0,1997-03-28
338,中山站出口2,121.521063,25.052382,中山,0,1,0,1,0,0,0,0,1997-03-28
339,中山站出口3,121.521154,25.052611,中山,0,1,0,1,0,0,0,0,1997-03-28
340,中山站出口5,121.519329,25.053037,中山,0,1,0,1,0,0,0,0,1997-03-28
341,中山站出口6,121.519007,25.052833,中山,0,1,0,1,0,0,0,0,1997-03-28
87,古亭站出口1,121.522973,25.025976,古亭,0,0,0,1,0,1,0,0,1998-12-24
88,古亭站出口2,121.523353,25.025502,古亭,0,0,0,1,0,1,0,0,1998-12-24
89,古亭站出口3,121.523477,25.0259191,古亭,0,0,0,1,0,1,0,0,1998-12-24
90,古亭站出口4,121.5229835,25.02655858,古亭,0,0,0,1,0,1,0,0,1998-12-24
91,古亭站出口5,121.522873,25.027184,古亭,0,0,0,1,0,1,0,0,1998-12-24
92,古亭站出口6,121.522297,25.027537,古亭,0,0,0,1,0,1,0,0,1998-12-24
93,古亭站出口7,121.5217067,25.02772736,古亭,0,0,0,1,0,1,0,0,1998-12-24
94,古亭站出口8,121.521894,25.027056,古亭,0,0,0,1,0,1,0,0,1998-12-24
95,古亭站出口9,121.522404,25.026798,古亭,0,0,0,1,0,1,0,0,1998-12-24
96,中正紀念堂站出口1,121.517599,25.033345,中正紀念堂,0,1,0,1,0,0,0,0,1998-12-24
97,中正紀念堂站出口2,121.518261,25.032406,中正紀念堂,0,1,0,1,0,0,0,0,1998-12-24
98,中正紀念堂站出口3,121.519,25.032281,中正紀念堂,0,1,0,1,0,0,0,0,1998-12-24
99,中正紀念堂站出口4,121.51796,25.033525,中正紀念堂,0,1,0,1,0,0,0,0,1998-12-24
100,中正紀念堂站出口5,121.5170711,25.0352207,中正紀念堂,0,1,0,1,0,0,0,0,1998-12-24
101,中正紀念堂站出口6,121.516543,25.03588,中正紀念堂,0,1,0,1,0,0,0,0,1998-12-24
102,中正紀念堂站出口7,121.515983,25.034565,中正紀念堂,0,1,0,1,0,0,0,0,1998-12-24
107,頂溪站出口1,121.515414,25.012895,頂溪,0,0,0,0,0,1,0,0,1998-12-24
108,頂溪站出口2,121.515446,25.014222,頂溪,0,0,0,0,0,1,0,0,1998-12-24
109,永安市場站出口,121.510962,25.002375,永安市場,0,0,0,0,0,1,0,0,1998-12-24
110,景安站出口,121.50456,24.993731,景安,0,0,0,0,0,1,0,0,1998-12-24
111,南勢角站出口1,121.507876,24.99052883,南勢角,0,0,0,0,0,1,0,0,1998-12-24
112,南勢角站出口2,121.50872,24.990161,南勢角,0,0,0,0,0,1,0,0,1998-12-24
113,南勢角站出口3,121.508946,24.990061,南勢角,0,0,0,0,0,1,0,0,1998-12-24
114,南勢角站出口4,121.509776,24.989486,南勢角,0,0,0,0,0,1,0,0,1998-12-24
115,台大醫院站出口1,121.515731,25.040913,台大醫院,0,1,0,0,0,0,0,0,1998-12-24
116,台大醫院站出口2,121.516589,25.041224,台大醫院,0,1,0,0,0,0,0,0,1998-12-24
117,台大醫院站出口3,121.516632,25.042808,台大醫院,0,1,0,0,0,0,0,0,1998-12-24
118,台大醫院站出口4,121.516299,25.042876,台大醫院,0,1,0,0,0,0,0,0,1998-12-24
119,台北車站M5,121.516246,25.046755,台北車站,0,1,0,0,0,0,1,0,1998-12-24
120,台北車站M6,121.516787,25.046234,台北車站,0,1,0,0,0,0,1,0,1998-12-24
121,台北車站M7,121.518643,25.046077,台北車站,0,1,0,0,0,0,1,0,1998-12-24
122,台北車站M8,121.517479,25.045948,台北車站,0,1,0,0,0,0,1,0,1998-12-24
123,台北車站M1,121.518193,25.048232,台北車站,0,1,0,0,0,0,1,0,1998-12-24
124,台北車站M2,121.51908,25.048159,台北車站,0,1,0,0,0,0,1,0,1998-12-24
125,台北車站M3,121.517882,25.046337,台北車站,0,1,0,0,0,0,1,0,1998-12-24
126,台北車站M4,121.517345,25.046485,台北車站,0,1,0,0,0,0,1,0,1998-12-24
61,新店站出口,121.53758,24.95784,新店,0,0,0,1,0,0,0,0,1999-11-11
62,新店區公所站出口1,121.541124,24.967393,新店區公所,0,0,0,1,0,0,0,0,1999-11-11
63,新店區公所站出口2,121.541727,24.967985,新店區公所,0,0,0,1,0,0,0,0,1999-11-11
64,七張站出口1,121.543068,24.975025,七張,0,0,0,1,0,0,0,0,1999-11-11
65,七張站出口2,121.542641,24.97691,七張,0,0,0,1,0,0,0,0,1999-11-11
66,大坪林站出口1,121.540874,24.982754,大坪林,0,0,0,1,0,0,0,0,1999-11-11
67,大坪林站出口2,121.541619,24.982051,大坪林,0,0,0,1,0,0,0,0,1999-11-11
68,大坪林站出口3,121.541572,24.982982,大坪林,0,0,0,1,0,0,0,0,1999-11-11
69,大坪林站出口4,121.541405,24.983539,大坪林,0,0,0,1,0,0,0,0,1999-11-11
70,大坪林站出口5,121.543209,24.982859,大坪林,0,0,0,1,0,0,0,0,1999-11-11
71,景美站出口1,121.5406932,24.99213264,景美,0,0,0,1,0,0,0,0,1999-11-11
72,景美站出口2,121.541517,24.993069,景美,0,0,0,1,0,0,0,0,1999-11-11
73,景美站出口3,121.540546,24.992744,景美,0,0,0,1,0,0,0,0,1999-11-11
74,萬隆站出口1,121.538896,25.001367,萬隆,0,0,0,1,0,0,0,0,1999-11-11
75,萬隆站出口2,121.5395617,25.0015087,萬隆,0,0,0,1,0,0,0,0,1999-11-11
76,萬隆站出口3,121.539195,25.002215,萬隆,0,0,0,1,0,0,0,0,1999-11-11
77,萬隆站出口4,121.538572,25.002676,萬隆,0,0,0,1,0,0,0,0,1999-11-11
78,公館站出口1,121.534377,25.014509,公館,0,0,0,1,0,0,0,0,1999-11-11
79,公館站出口2,121.534721,25.014718,公館,0,0,0,1,0,0,0,0,1999-11-11
80,公館站出口3,121.534025,25.015421,公館,0,0,0,1,0,0,0,0,1999-11-11
81,公館站出口4,121.533623,25.015148,公館,0,0,0,1,0,0,0,0,1999-11-11
82,台電大樓站出口1,121.528577,25.01962,台電大樓,0,0,0,1,0,0,0,0,1999-11-11
83,台電大樓站出口2,121.529093,25.020192,台電大樓,0,0,0,1,0,0,0,0,1999-11-11
84,台電大樓站出口3,121.527849,25.021179,台電大樓,0,0,0,1,0,0,0,0,1999-11-11
85,台電大樓站出口4,121.527297,25.021018,台電大樓,0,0,0,1,0,0,0,0,1999-11-11
86,台電大樓站出口5,121.527739,25.020758,台電大樓,0,0,0,1,0,0,0,0,1999-11-11
205,龍山寺站出口1,121.49953,25.035484,龍山寺,0,0,0,0,0,0,1,0,1999-12-24
206,龍山寺站出口2,121.499798,25.035109,龍山寺,0,0,0,0,0,0,1,0,1999-12-24
207,龍山寺站出口3,121.501622,25.035421,龍山寺,0,0,0,0,0,0,1,0,1999-12-24
208,善導寺站出口1,121.523009,25.045097,善導寺,0,0,0,0,0,0,1,0,1999-12-24
209,善導寺站出口2,121.523053,25.044796,善導寺,0,0,0,0,0,0,1,0,1999-12-24
210,善導寺站出口3,121.523734,25.044568,善導寺,0,0,0,0,0,0,1,0,1999-12-24
211,善導寺站出口4,121.524217,25.044111,善導寺,0,0,0,0,0,0,1,0,1999-12-24
212,善導寺站出口5,121.52482,25.044256,善導寺,0,0,0,0,0,0,1,0,1999-12-24
213,善導寺站出口6,121.524898,25.044632,善導寺,0,0,0,0,0,0,1,0,1999-12-24
214,忠孝新生站出口2,121.532065,25.042103,忠孝新生,0,0,0,0,0,1,1,0,1999-12-24
215,忠孝新生站出口3,121.53368,25.041783,忠孝新生,0,0,0,0,0,1,1,0,1999-12-24
216,忠孝新生站出口4,121.533213,25.042458,忠孝新生,0,0,0,0,0,1,1,0,1999-12-24
217,忠孝新生站出口1,121.531829,25.042784,忠孝新生,0,0,0,0,0,1,1,0,1999-12-24
218,忠孝新生站出口5,121.5323987,25.0410441,忠孝新生,0,0,0,0,0,1,1,0,1999-12-24
219,忠孝新生站出口6,121.533068,25.040791,忠孝新生,0,0,0,0,0,1,1,0,1999-12-24
220,忠孝新生站出口7,121.533068,25.041729,忠孝新生,0,0,0,0,0,1,1,0,1999-12-24
221,忠孝敦化站出口1,121.550578,25.041642,忠孝敦化,0,0,0,0,0,0,1,0,1999-12-24
222,忠孝敦化站出口2,121.551694,25.041632,忠孝敦化,0,0,0,0,0,0,1,0,1999-12-24
223,忠孝敦化站出口3,121.551586,25.04134,忠孝敦化,0,0,0,0,0,0,1,0,1999-12-24
224,忠孝敦化站出口4,121.550567,25.04135,忠孝敦化,0,0,0,0,0,0,1,0,1999-12-24
225,忠孝敦化站出口5,121.549824,25.041238,忠孝敦化,0,0,0,0,0,0,1,0,1999-12-24
226,忠孝敦化站出口6,121.549174,25.041029,忠孝敦化,0,0,0,0,0,0,1,0,1999-12-24
227,忠孝敦化站出口7,121.549913,25.041661,忠孝敦化,0,0,0,0,0,0,1,0,1999-12-24
228,忠孝敦化站出口8,121.549194,25.041928,忠孝敦化,0,0,0,0,0,0,1,0,1999-12-24
229,國父紀念館站出口1,121.556663,25.041838,國父紀念館,0,0,0,0,0,0,1,0,1999-12-24
230,國父紀念館站出口2,121.556704,25.041029,國父紀念館,0,0,0,0,0,0,1,0,1999-12-24
231,國父紀念館站出口3,121.557981,25.041195,國父紀念館,0,0,0,0,0,0,1,0,1999-12-24
232,國父紀念館站出口4,121.558539,25.04117,國父紀念館,0,0,0,0,0,0,1,0,1999-12-24
233,國父紀念館站出口5,121.558002,25.041501,國父紀念館,0,0,0,0,0,0,1,0,1999-12-24
234,市政府站出口1,121.565459,25.041408,市政府,0,0,0,0,0,0,1,0,1999-12-24
235,市政府站出口2,121.565062,25.040971,市政府,0,0,0,0,0,0,1,0,1999-12-24
236,市政府站出口3,121.567149,25.040903,市政府,0,0,0,0,0,0,1,0,1999-12-24
237,市政府站出口4,121.567181,25.041263,市政府,0,0,0,0,0,0,1,0,1999-12-24
342,西門站出口1,121.507566,25.042137,西門,0,0,0,1,0,0,1,0,1999-12-24
343,西門站出口2,121.508435,25.041545,西門,0,0,0,1,0,0,1,0,1999-12-24
344,西門站出口3,121.508888,25.041789,西門,0,0,0,1,0,0,1,0,1999-12-24
345,西門站出口4,121.509006,25.042203,西門,0,0,0,1,0,0,1,0,1999-12-24
346,西門站出口5,121.508789,25.042935,西門,0,0,0,1,0,0,1,0,1999-12-24
347,西門站出口6,121.507602,25.042573,西門,0,0,0,1,0,0,1,0,1999-12-24
194,新埔站出口1,121.467496,25.023087,新埔,0,0,0,0,0,0,1,0,2000-08-31
195,新埔站出口2,121.468176,25.0222,新埔,0,0,0,0,0,0,1,0,2000-08-31
196,新埔站出口3,121.468562,25.022942,新埔,0,0,0,0,0,0,1,0,2000-08-31
197,新埔站出口4,121.468728,25.023638,新埔,0,0,0,0,0,0,1,0,2000-08-31
198,新埔站出口5,121.468138,25.024163,新埔,0,0,0,0,0,0,1,0,2000-08-31
199,江子翠站出口1,121.471914,25.030298,江子翠,0,0,0,0,0,0,1,0,2000-08-31
200,江子翠站出口2,121.471903,25.029782,江子翠,0,0,0,0,0,0,1,0,2000-08-31
201,江子翠站出口3,121.472156,25.029459,江子翠,0,0,0,0,0,0,1,0,2000-08-31
202,江子翠站出口4,121.472719,25.029763,江子翠,0,0,0,0,0,0,1,0,2000-08-31
203,江子翠站出口5,121.4734263,25.03098798,江子翠,0,0,0,0,0,0,1,0,2000-08-31
204,江子翠站出口6,121.4730606,25.03120599,江子翠,0,0,0,0,0,0,1,0,2000-08-31
103,小南門站出口1,121.509752,25.036434,小南門,0,0,0,1,0,0,0,0,2000-08-31
104,小南門站出口2,121.509865,25.035736,小南門,0,0,0,1,0,0,0,0,2000-08-31
105,小南門站出口3,121.510988,25.035309,小南門,0,0,0,1,0,0,0,0,2000-08-31
106,小南門站出口4,121.511455,25.035226,小南門,0,0,0,1,0,0,0,0,2000-08-31
238,永春站出口1,121.57512,25.040995,永春,0,0,0,0,0,0,1,0,2000-12-30
239,永春站出口2,121.575383,25.040704,永春,0,0,0,0,0,0,1,0,2000-12-30
240,永春站出口3,121.576155,25.040704,永春,0,0,0,0,0,0,1,0,2000-12-30
241,永春站出口4,121.576574,25.040699,永春,0,0,0,0,0,0,1,0,2000-12-30
242,永春站出口5,121.576622,25.040961,永春,0,0,0,0,0,0,1,0,2000-12-30
243,後山埤站出口1,121.58141,25.044422,後山埤,0,0,0,0,0,0,1,0,2000-12-30
244,後山埤站出口2,121.581854,25.043703,後山埤,0,0,0,0,0,0,1,0,2000-12-30
245,後山埤站出口3,121.583277,25.045232,後山埤,0,0,0,0,0,0,1,0,2000-12-30
246,後山埤站出口4,121.582441,25.045653,後山埤,0,0,0,0,0,0,1,0,2000-12-30
247,昆陽站出口1,121.592726,25.050319,昆陽,0,0,0,0,0,0,1,0,2000-12-30
248,昆陽站出口2,121.592825,25.050402,昆陽,0,0,0,0,0,0,1,0,2000-12-30
249,昆陽站出口3,121.59363,25.050599,昆陽,0,0,0,0,0,0,1,0,2000-12-30
250,昆陽站出口4,121.593799,25.050572,昆陽,0,0,0,0,0,0,1,0,2000-12-30
59,小碧潭站出口1,121.529896,24.971803,小碧潭,0,0,0,0,1,0,0,0,2004-09-29
60,小碧潭站出口2,121.52995,24.973192,小碧潭,0,0,0,0,1,0,0,0,2004-09-29
175,永寧站出口1,121.4355625,24.966641,永寧,0,0,0,0,0,0,1,0,2006-05-31
176,永寧站出口2,121.435795,24.966019,永寧,0,0,0,0,0,0,1,0,2006-05-31
177,永寧站出口3,121.437111,24.967252,永寧,0,0,0,0,0,0,1,0,2006-05-31
178,永寧站出口4,121.436866,24.96753917,永寧,0,0,0,0,0,0,1,0,2006-05-31
179,土城站出口1,121.444173,24.973251,土城,0,0,0,0,0,0,1,0,2006-05-31
180,土城站出口2,121.443671,24.972663,土城,0,0,0,0,0,0,1,0,2006-05-31
181,土城站出口3,121.445266,24.973714,土城,0,0,0,0,0,0,1,0,2006-05-31
182,海山站出口1,121.4486097,24.9853885,海山,0,0,0,0,0,0,1,0,2006-05-31
183,海山站出口2,121.4488709,24.9853326,海山,0,0,0,0,0,0,1,0,2006-05-31
184,海山站出口3,121.4492224,24.9863003,海山,0,0,0,0,0,0,1,0,2006-05-31
185,亞東醫院站出口1,121.452581,24.998933,亞東醫院,0,0,0,0,0,0,1,0,2006-05-31
186,亞東醫院站出口2,121.452388,24.998252,亞東醫院,0,0,0,0,0,0,1,0,2006-05-31
187,亞東醫院站出口3,121.45287,24.998875,亞東醫院,0,0,0,0,0,0,1,0,2006-05-31
188,府中站出口1,121.459077,25.008486,府中,0,0,0,0,0,0,1,0,2006-05-31
189,府中站出口2,121.459501,25.008943,府中,0,0,0,0,0,0,1,0,2006-05-31
190,府中站出口3,121.45897,25.009162,府中,0,0,0,0,0,0,1,0,2006-05-31
191,板橋站出口1,121.461838,25.0133143,板橋,0,0,0,0,0,0,1,0,2006-05-31
192,板橋站出口2,121.462603,25.013221,板橋,0,0,0,0,0,0,1,0,2006-05-31
193,板橋站出口3,121.462653,25.014442,板橋,0,0,0,0,0,0,1,0,2006-05-31
381,板橋站出口4,121.464938,25.015105,板橋,0,0,0,0,0,0,1,0,2006-05-31
382,板橋站出口5,121.464312,25.015502,板橋,0,0,0,0,0,0,1,0,2006-05-31
251,南港站出口1,121.606357,25.051911,南港,0,0,0,0,0,0,1,0,2008-12-15
252,南港站出口2,121.60743,25.052025,南港,0,0,0,0,0,0,1,0,2008-12-15
4,松山機場站出口1,121.5520427,25.0636308,松山機場,1,0,0,0,0,0,0,0,2009-07-04
5,松山機場站出口2,121.5509869,25.0635351,松山機場,1,0,0,0,0,0,0,0,2009-07-04
6,松山機場站出口3,121.5518415,25.0631707,松山機場,1,0,0,0,0,0,0,0,2009-07-04
28,大直站出口1,121.5469257,25.08036069,大直,1,0,0,0,0,0,0,0,2009-07-04
29,大直站出口2,121.546823,25.079584,大直,1,0,0,0,0,0,0,0,2009-07-04
30,大直站出口3,121.5470127,25.07943891,大直,1,0,0,0,0,0,0,0,2009-07-04
31,劍南路站出口1,121.5553542,25.08548437,劍南路,1,0,0,0,0,0,0,0,2009-07-04
32,劍南路站出口2,121.5552019,25.08459783,劍南路,1,0,0,0,0,0,0,0,2009-07-04
33,劍南路站出口3,121.5560658,25.08432308,劍南路,1,0,0,0,0,0,0,0,2009-07-04
34,西湖站出口1,121.566647,25.082339,西湖,1,0,0,0,0,0,0,0,2009-07-04
35,西湖站出口2,121.567141,25.082023,西湖,1,0,0,0,0,0,0,0,2009-07-04
36,港墘站出口1,121.5758005,25.08013028,港墘,1,0,0,0,0,0,0,0,2009-07-04
37,港墘站出口2,121.574704,25.080065,港墘,1,0,0,0,0,0,0,0,2009-07-04
38,文德站出口1,121.58564,25.078671,文德,1,0,0,0,0,0,0,0,2009-07-04
39,文德站出口2,121.5845981,25.07835342,文德,1,0,0,0,0,0,0,0,2009-07-04
40,內湖站出口1,121.594266,25.083745,內湖,1,0,0,0,0,0,0,0,2009-07-04
41,內湖站出口2,121.594612,25.083636,內湖,1,0,0,0,0,0,0,0,2009-07-04
42,大湖公園站出口1,121.602377,25.083894,大湖公園,1,0,0,0,0,0,0,0,2009-07-04
43,大湖公園站出口2,121.60221,25.083675,大湖公園,1,0,0,0,0,0,0,0,2009-07-04
44,葫洲站出口1,121.6080683,25.0725096,葫洲,1,0,0,0,0,0,0,0,2009-07-04
45,葫洲站出口2,121.607197,25.072534,葫洲,1,0,0,0,0,0,0,0,2009-07-04
46,東湖站出口1,121.6108991,25.067189,東湖,1,0,0,0,0,0,0,0,2009-07-04
47,東湖站出口2,121.6112963,25.06718485,東湖,1,0,0,0,0,0,0,0,2009-07-04
48,東湖站出口3,121.6119635,25.06706398,東湖,1,0,0,0,0,0,0,0,2009-07-04
49,南港軟體園區站出口1,121.6158607,25.06038509,南港軟體園區,1,0,0,0,0,0,0,0,2009-07-04
50,南港軟體園區站出口2,121.6163342,25.06012071,南港軟體園區,1,0,0,0,0,0,0,0,2009-07-04
297,中山國小站出口1,121.526095,25.06284,中山國小,0,0,0,0,0,1,0,0,2010-11-03
298,中山國小站出口2,121.526148,25.062461,中山國小,0,0,0,0,0,1,0,0,2010-11-03
299,中山國小站出口3,121.527114,25.062476,中山國小,0,0,0,0,0,1,0,0,2010-11-03
300,中山國小站出口4,121.526835,25.062835,中山國小,0,0,0,0,0,1,0,0,2010-11-03
301,行天宮站出口1,121.533047,25.05810168,行天宮,0,0,0,0,0,1,0,0,2010-11-03
302,行天宮站出口2,121.533342,25.058792,行天宮,0,0,0,0,0,1,0,0,2010-11-03
303,行天宮站出口3,121.533393,25.059868,行天宮,0,0,0,0,0,1,0,0,2010-11-03
304,行天宮站出口4,121.532991,25.060365,行天宮,0,0,0,0,0,1,0,0,2010-11-03
348,松江南京站出口1,121.532388,25.051842,松江南京,0,0,0,1,0,1,0,0,2010-11-03
349,松江南京站出口2,121.532875,25.051342,松江南京,0,0,0,1,0,1,0,0,2010-11-03
350,松江南京站出口3,121.53287,25.051085,松江南京,0,0,0,1,0,1,0,0,2010-11-03
351,松江南京站出口4,121.53324,25.051624,松江南京,0,0,0,1,0,1,0,0,2010-11-03
352,松江南京站出口5,121.534081,25.051882,松江南京,0,0,0,1,0,1,0,0,2010-11-03
353,松江南京站出口6,121.533808,25.052205,松江南京,0,0,0,1,0,1,0,0,2010-11-03
354,松江南京站出口7,121.533195,25.05247,松江南京,0,0,0,1,0,1,0,0,2010-11-03
355,松江南京站出口8,121.532826,25.05257,松江南京,0,0,0,1,0,1,0,0,2010-11-03
313,蘆洲站出口1,121.4647333,25.0913266,蘆洲,0,0,0,0,0,1,0,0,2010-11-03
314,蘆洲站出口2,121.4648924,25.0917076,蘆洲,0,0,0,0,0,1,0,0,2010-11-03
315,蘆洲站出口3,121.4642624,25.0918704,蘆洲,0,0,0,0,0,1,0,0,2010-11-03
316,三民高中站出口1,121.472714,25.085692,三民高中,0,0,0,0,0,1,0,0,2010-11-03
317,三民高中站出口2,121.473548,25.085637,三民高中,0,0,0,0,0,1,0,0,2010-11-03
318,徐匯中學站出口1,121.47988,25.080303,徐匯中學,0,0,0,0,0,1,0,0,2010-11-03
319,徐匯中學站出口2,121.480583,25.080332,徐匯中學,0,0,0,0,0,1,0,0,2010-11-03
320,三和國中站出口1,121.486398,25.076586,三和國中,0,0,0,0,0,1,0,0,2010-11-03
321,三和國中站出口2,121.486484,25.076984,三和國中,0,0,0,0,0,1,0,0,2010-11-03
322,三重國小站出口,121.4967021,25.0706459,三重國小,0,0,0,0,0,1,0,0,2010-11-03
293,大橋頭站出口1,121.512319,25.06318,大橋頭,0,0,0,0,0,1,0,0,2010-11-03
294,大橋頭站出口1A,121.5117348,25.06333204,大橋頭,0,0,0,0,0,1,0,0,2010-11-03
295,大橋頭站出口2,121.513258,25.063195,大橋頭,0,0,0,0,0,1,0,0,2010-11-03
296,大橋頭站出口3,121.51344,25.063739,大橋頭,0,0,0,0,0,1,0,0,2010-11-03
51,南港展覽館站出口1,121.6170736,25.0557844,南港展覽館,1,0,0,0,0,0,1,0,2011-02-27
52,南港展覽館站出口2,121.6171863,25.05540682,南港展覽館,1,0,0,0,0,0,1,0,2011-02-27
53,南港展覽館站出口3,121.618239,25.055123,南港展覽館,1,0,0,0,0,0,1,0,2011-02-27
54,南港展覽館站出口4,121.6182634,25.055356,南港展覽館,1,0,0,0,0,0,1,0,2011-02-27
55,南港展覽館站出口2A,121.6171997,25.05533633,南港展覽館,1,0,0,0,0,0,1,0,2011-02-27
56,南港展覽館站出口5,121.616861,25.054917,南港展覽館,1,0,0,0,0,0,1,0,2011-02-27
57,南港展覽館站出口6,121.6179283,25.05476367,南港展覽館,1,0,0,0,0,0,1,0,2011-02-27
58,南港展覽館站出口7,121.618148,25.054035,南港展覽館,1,0,0,0,0,0,1,0,2011-02-27
279,頭前庄站出口1,121.460303,25.039844,頭前庄,0,0,0,0,0,1,0,0,2012-01-05
280,頭前庄站出口2,121.460931,25.039068,頭前庄,0,0,0,0,0,1,0,0,2012-01-05
281,頭前庄站出口3,121.462247,25.039853,頭前庄,0,0,0,0,0,1,0,0,2012-01-05
282,頭前庄站出口4,121.46227,25.04026,頭前庄,0,0,0,0,0,1,0,0,2012-01-05
273,輔大站出口1,121.435264,25.032932,輔大,0,0,0,0,0,1,0,0,2012-01-05
274,輔大站出口2,121.435277,25.032315,輔大,0,0,0,0,0,1,0,0,2012-01-05
275,輔大站出口3,121.436541,25.032776,輔大,0,0,0,0,0,1,0,0,2012-01-05
276,輔大站出口4,121.436534,25.0330162,輔大,0,0,0,0,0,1,0,0,2012-01-05
277,新莊站出口1,121.4524435,25.03630271,新莊,0,0,0,0,0,1,0,0,2012-01-05
278,新莊站出口2,121.4525,25.036014,新莊,0,0,0,0,0,1,0,0,2012-01-05
283,先嗇宮站出口1,121.471319,25.046497,先嗇宮,0,0,0,0,0,1,0,0,2012-01-05
284,先嗇宮站出口2,121.4711596,25.0460821,先嗇宮,0,0,0,0,0,1,0,0,2012-01-05
285,先嗇宮站出口3,121.471789,25.04629545,先嗇宮,0,0,0,0,0,1,0,0,2012-01-05
286,三重站出口1,121.4833034,25.05535171,三重,0,0,0,0,0,1,0,0,2012-01-05
287,三重站出口2,121.4844522,25.05561671,三重,0,0,0,0,0,1,0,0,2012-01-05
288,三重站出口3,121.4849832,25.05613362,三重,0,0,0,0,0,1,0,0,2012-01-05
289,菜寮站出口1,121.490673,25.05971,菜寮,0,0,0,0,0,1,0,0,2012-01-05
290,菜寮站出口2,121.491106,25.059287,菜寮,0,0,0,0,0,1,0,0,2012-01-05
291,菜寮站出口3,121.492111,25.060556,菜寮,0,0,0,0,0,1,0,0,2012-01-05
292,台北橋站出口,121.500281,25.062966,台北橋,0,0,0,0,0,1,0,0,2012-01-05
305,東門站出口1,121.527994,25.034157,東門,0,1,0,0,0,1,0,0,2012-09-30
306,東門站出口2,121.527565,25.03422,東門,0,1,0,0,0,1,0,0,2012-09-30
307,東門站出口3,121.527854,25.033676,東門,0,1,0,0,0,1,0,0,2012-09-30
308,東門站出口4,121.528879,25.033646,東門,0,1,0,0,0,1,0,0,2012-09-30
309,東門站出口5,121.529506,25.033564,東門,0,1,0,0,0,1,0,0,2012-09-30
310,東門站出口6,121.529957,25.033924,東門,0,1,0,0,0,1,0,0,2012-09-30
311,東門站出口7,121.529678,25.033962,東門,0,1,0,0,0,1,0,0,2012-09-30
312,東門站出口8,121.528965,25.034074,東門,0,1,0,0,0,1,0,0,2012-09-30
323,迴龍站出口1,121.411195,25.021829,迴龍,0,0,0,0,0,1,0,0,2013-06-29
324,迴龍站出口2,121.41077,25.02118,迴龍,0,0,0,0,0,1,0,0,2013-06-29
325,迴龍站出口3,121.4125638,25.0225398,迴龍,0,0,0,0,0,1,0,0,2013-06-29
326,丹鳳站出口1,121.42231,25.02899,丹鳳,0,0,0,0,0,1,0,0,2013-06-29
327,丹鳳站出口2,121.422615,25.028742,丹鳳,0,0,0,0,0,1,0,0,2013-06-29
253,象山站出口1,121.569334,25.0330078,象山,0,1,0,0,0,0,0,0,2013-11-24
254,象山站出口2,121.569921,25.032375,象山,0,1,0,0,0,0,0,0,2013-11-24
255,象山站出口3,121.57062,25.032974,象山,0,1,0,0,0,0,0,0,2013-11-24
256,台北101/世貿站出口1,121.561671,25.033107,台北101/世貿,0,1,0,0,0,0,0,0,2013-11-24
257,台北101/世貿站出口2,121.5619435,25.03284073,台北101/世貿,0,1,0,0,0,0,0,0,2013-11-24
258,台北101/世貿站出口3,121.563646,25.032742,台北101/世貿,0,1,0,0,0,0,0,0,2013-11-24
259,台北101/世貿站出口4,121.564112,25.033034,台北101/世貿,0,1,0,0,0,0,0,0,2013-11-24
260,台北101/世貿站出口5,121.563292,25.033102,台北101/世貿,0,1,0,0,0,0,0,0,2013-11-24
261,信義安和站出口1,121.552602,25.033377,信義安和,0,1,0,0,0,0,0,0,2013-11-24
262,信義安和站出口2,121.552332,25.033032,信義安和,0,1,0,0,0,0,0,0,2013-11-24
263,信義安和站出口2A,121.552582,25.032848,信義安和,0,1,0,0,0,0,0,0,2013-11-24
264,信義安和站出口3,121.553282,25.033022,信義安和,0,1,0,0,0,0,0,0,2013-11-24
265,信義安和站出口4,121.5534,25.033022,信義安和,0,1,0,0,0,0,0,0,2013-11-24
266,信義安和站出口5,121.553526,25.033326,信義安和,0,1,0,0,0,0,0,0,2013-11-24
267,大安森林公園站出口1,121.534442,25.033693,大安森林公園,0,1,0,0,0,0,0,0,2013-11-24
268,大安森林公園站出口2,121.534487,25.033391,大安森林公園,0,1,0,0,0,0,0,0,2013-11-24
269,大安森林公園站出口3,121.534882,25.033396,大安森林公園,0,1,0,0,0,0,0,0,2013-11-24
270,大安森林公園站出口4,121.535292,25.033391,大安森林公園,0,1,0,0,0,0,0,0,2013-11-24
271,大安森林公園站出口5,121.535989,25.033369,大安森林公園,0,1,0,0,0,0,0,0,2013-11-24
272,大安森林公園站出口6,121.535952,25.033654,大安森林公園,0,1,0,0,0,0,0,0,2013-11-24
356,北門站出口1,121.509986,25.048861,北門,0,0,0,1,0,0,0,0,2014-11-15
357,北門站出口2,121.510506,25.049583,北門,0,0,0,1,0,0,0,0,2014-11-15
358,北門站出口3,121.510227,25.049943,北門,0,0,0,1,0,0,0,0,2014-11-15
359,台北小巨蛋站出口1,121.55153,25.051836,台北小巨蛋,0,0,0,1,0,0,0,0,2014-11-15
360,台北小巨蛋站出口2,121.550715,25.051571,台北小巨蛋,0,0,0,1,0,0,0,0,2014-11-15
361,台北小巨蛋站出口3,121.552549,25.05152,台北小巨蛋,0,0,0,1,0,0,0,0,2014-11-15
362,台北小巨蛋站出口4,121.552898,25.051534,台北小巨蛋,0,0,0,1,0,0,0,0,2014-11-15
363,台北小巨蛋站出口5,121.552069,25.051838,台北小巨蛋,0,0,0,1,0,0,0,0,2014-11-15
364,南京三民站出口1,121.563203,25.051633,南京三民,0,0,0,1,0,0,0,0,2014-11-15
365,南京三民站出口2,121.563073,25.051215,南京三民,0,0,0,1,0,0,0,0,2014-11-15
366,南京三民站出口3,121.564595,25.051328,南京三民,0,0,0,1,0,0,0,0,2014-11-15
367,南京三民站出口4,121.56471,25.051588,南京三民,0,0,0,1,0,0,0,0,2014-11-15
368,松山站出口1,121.577022,25.050171,松山,0,0,0,1,0,0,0,0,2014-11-15
369,松山站出口2,121.576244,25.050171,松山,0,0,0,1,0,0,0,0,2014-11-15
370,松山站出口3,121.577533,25.049939,松山,0,0,0,1,0,0,0,0,2014-11-15
371,松山站出口4,121.577971,25.049799,松山,0,0,0,1,0,0,0,0,2014-11-15
372,松山站出口5,121.577782,25.050559,松山,0,0,0,1,0,0,0,0,2014-11-15
0,頂埔站出口1,121.4183364,24.9593267,頂埔,0,0,0,0,0,0,1,0,2015-07-06
1,頂埔站出口2,121.4183575,24.95894725,頂埔,0,0,0,0,0,0,1,0,2015-07-06
2,頂埔站出口3,121.4192802,24.95950272,頂埔,0,0,0,0,0,0,1,0,2015-07-06
3,頂埔站出口4,121.4199687,24.96025528,頂埔,0,0,0,0,0,0,1,0,2015-07-06
373,十四張站出口,121.527701,24.984467,十四張,0,0,0,0,0,0,0,1,2020-01-31
374,秀朗橋站出口1,121.5253895,24.99053445,秀朗橋,0,0,0,0,0,0,0,1,2020-01-31
375,秀朗橋站出口2,121.52494,24.99054002,秀朗橋,0,0,0,0,0,0,0,1,2020-01-31
376,景平站出口,121.51625,24.991926,景平,0,0,0,0,0,0,0,1,2020-01-31
377,中和站出口,121.4964906,25.00221178,中和,0,0,0,0,0,0,0,1,2020-01-31
378,橋和站出口,121.490278,25.004803,橋和,0,0,0,0,0,0,0,1,2020-01-31
379,中原站出口,121.4841593,25.0084104,中原,0,0,0,0,0,0,0,1,2020-01-31
380,板新站出口,121.4722124,25.0144914,板新,0,0,0,0,0,0,0,1,2020-01-31
383,新埔民生站出口,121.466839,25.026125,新埔民生,0,0,0,0,0,0,1,1,2020-01-31
384,幸福站出口1,121.460146,25.050126,幸福,0,0,0,0,0,0,0,1,2020-01-31
385,幸福站出口2,121.4602357,25.04975928,幸福,0,0,0,0,0,0,0,1,2020-01-31
386,新北產業園區站出口,121.459774,25.061564,新北產業園區,0,0,0,0,0,0,0,1,2020-01-31